price,name
$416.23,A Light in the Attic
$432.07,Tipping the Velvet
$402.80,Soumission
$384.47,Sharp Objects
$436.01,Sapiens: A Brief History of Humankind
$182.11,The Requiem Red
$268.05,The Dirty Little Secrets of Getting Your Dream Job
$144.16,"The Coming Woman: A Novel Based on the Life of the Infamous Feminist, Victoria Woodhull"
$181.70,The Boys in the Boat: Nine Americans and Their Epic Quest for Gold at the 1936 Berlin Olympics
$419.29,The Black Maria
$112.48,"Starving Hearts (Triangular Trade Trilogy, #1)"
$166.11,Shakespeare's Sonnets
$140.38,Set Me Free
$420.41,Scott Pilgrim's Precious Little Life (Scott Pilgrim #1)
$281.56,Rip it Up and Start Again
$460.29,"Our Band Could Be Your Life: Scenes from the American Indie Underground, 1981-1991"
$192.00,Olio
$302.22,Mesaerion: The Best Science Fiction Stories 1800-1849
$412.69,Libertarianism for Beginners
$363.17,It's Only the Himalayas
$103.23,In Her Wake
$300.05,How Music Works
$245.38,"Foolproof Preserving: A Guide to Small Batch Jams, Jellies, Pickles, Condiments, and More: A Foolproof Guide to Making Small Batch Jams, Jellies, Pickles, Condiments, and More"
$203.17,Chase Me (Paris Nights #2)
$277.62,Black Dust
$439.31,Birdsong: A Story in Pictures
$180.90,America's Cradle of Quarterbacks: Western Pennsylvania's Football Factory from Johnny Unitas to Joe Montana
$427.17,Aladdin and His Wonderful Lamp
$324.01,Worlds Elsewhere: Journeys Around Shakespeare’s Globe
$355.21,Wall and Piece
$141.99,The Four Agreements: A Practical Guide to Personal Freedom
$249.64,The Five Love Languages: How to Express Heartfelt Commitment to Your Mate
$191.51,The Elephant Tree
$296.60,The Bear and the Piano
$128.16,Sophie's World
$267.65,Penny Maybe
$144.88,Maude (1883-1993):She Grew Up with the country
$157.83,"In a Dark, Dark Wood"
$419.85,Behind Closed Doors
$270.39,You can't bury them all: Poems
$460.77,Slow States of Collapse: Poems
$212.34,Reasons to Stay Alive
$382.78,Private Paris (Private #10)
$185.80,#HigherSelfie: Wake Up Your Life. Free Your Soul. Find Your Tribe.
$362.36,Without Borders (Wanderlove #1)
$255.43,When We Collided
$404.17,"We Love You, Charlie Freeman"
$114.73,Untitled Collection: Sabbath Poems 2014
$355.21,"Unseen City: The Majesty of Pigeons, the Discreet Charm of Snails & Other Wonders of the Urban Wilderness"
$150.99,Unicorn Tracks
$205.18,"Unbound: How Eight Technologies Made Us Human, Transformed Society, and Brought Our World to the Brink"
$130.89,Tsubasa: WoRLD CHRoNiCLE 2 (Tsubasa WoRLD CHRoNiCLE #2)
$250.20,Throwing Rocks at the Google Bus: How Growth Became the Enemy of Prosperity
$156.70,This One Summer
$138.85,Thirst
$153.48,The Torch Is Passed: A Harding Family Story
$451.29,The Secret of Dreadwillow Carse
$453.54,"The Pioneer Woman Cooks: Dinnertime: Comfort Classics, Freezer Food, 16-Minute Meals, and Other Delicious Ways to Solve Supper!"
$454.26,The Past Never Ends
$363.57,The Natural History of Us (The Fine Art of Pretending #2)
$306.81,The Nameless City (The Nameless City #1)
$435.04,The Murder That Never Was (Forensic Instincts #5)
$345.40,The Most Perfect Thing: Inside (and Outside) a Bird's Egg
$192.08,"The Mindfulness and Acceptance Workbook for Anxiety: A Guide to Breaking Free from Anxiety, Phobias, and Worry Using Acceptance and Commitment Therapy"
$134.83,The Life-Changing Magic of Tidying Up: The Japanese Art of Decluttering and Organizing
$165.54,"The Inefficiency Assassin: Time Management Tactics for Working Smarter, Not Longer"
$298.53,The Gutsy Girl: Escapades for Your Life of Epic Adventure
$450.72,The Electric Pencil: Drawings from Inside State Hospital No. 3
$467.20,The Death of Humanity: and the Case for Life
$394.36,"The Bulletproof Diet: Lose up to a Pound a Day, Reclaim Energy and Focus, Upgrade Your Life"
$327.71,The Art Forger
$158.63,The Age of Genius: The Seventeenth Century and the Birth of the Modern Mind
$259.21,The Activist's Tao Te Ching: Ancient Advice for a Modern Revolution
$336.31,Spark Joy: An Illustrated Master Class on the Art of Organizing and Tidying Up
$318.22,Soul Reader
$315.57,Security
$201.16,"Saga, Volume 6 (Saga (Collected Editions) #6)"
$410.36,"Saga, Volume 5 (Saga (Collected Editions) #5)"
$159.43,Reskilling America: Learning to Labor in the Twenty-First Century
$405.22,"Rat Queens, Vol. 3: Demons (Rat Queens (Collected Editions) #11-15)"
$109.42,"Princess Jellyfish 2-in-1 Omnibus, Vol. 01 (Princess Jellyfish 2-in-1 Omnibus #1)"
$107.25,Princess Between Worlds (Wide-Awake Princess #5)
$152.52,"Pop Gun War, Volume 1: Gift"
$291.69,"Political Suicide: Missteps, Peccadilloes, Bad Calls, Backroom Hijinx, Sordid Pasts, Rotten Breaks, and Just Plain Dumb Mistakes in the Annals of American Politics"
$81.69,Patience
$124.14,"Outcast, Vol. 1: A Darkness Surrounds Him (Outcast #1)"
$389.22,orange: The Complete Collection 1 (orange: The Complete Collection #1)
$372.65,Online Marketing for Busy Authors: A Step-By-Step Guide
$113.12,On a Midnight Clear
$119.47,Obsidian (Lux #1)
$268.29,My Paris Kitchen: Recipes and Stories
$453.46,Masks and Shadows
$112.72,"Mama Tried: Traditional Italian Cooking for the Screwed, Crude, Vegan, and Tattooed"
$377.16,"Lumberjanes, Vol. 2: Friendship to the Max (Lumberjanes #5-8)"
$366.70,"Lumberjanes, Vol. 1: Beware the Kitten Holy (Lumberjanes #1-4)"
$160.16,Lumberjanes Vol. 3: A Terrible Plan (Lumberjanes #9-12)
$322.48,"Layered: Baking, Building, and Styling Spectacular Cakes"
$433.36,Judo: Seven Steps to Black Belt (an Introductory Guide for Beginners)
$286.79,Join
$176.88,In the Country We Love: My Family Divided
$461.17,Immunity: How Elie Metchnikoff Changed the Course of Modern Medicine
$234.53,"I Hate Fairyland, Vol. 1: Madly Ever After (I Hate Fairyland (Compilations) #1-5)"
$439.23,I am a Hero Omnibus Volume 1
$370.08,How to Be Miserable: 40 Strategies You Already Use
$273.12,Her Backup Boyfriend (The Sorensen Family #1)
$177.76,"Giant Days, Vol. 2 (Giant Days #5-8)"
$238.71,Forever and Forever: The Courtship of Henry Longfellow and Fanny Appleton
$128.40,First and First (Five Boroughs #3)
$176.56,Fifty Shades Darker (Fifty Shades #2)
$436.97,Everydata: The Misinformation Hidden in the Little Data You Consume Every Day
$305.28,"Don't Be a Jerk: And Other Practical Advice from Dogen, Japan's Greatest Zen Master"
$418.00,Danganronpa Volume 1
$348.05,Crown of Midnight (Throne of Glass #2)
$295.23,"Codename Baboushka, Volume 1: The Conclave of Death"
$137.32,Camp Midnight
$234.29,Call the Nurse: True Stories of a Country Nurse on a Scottish Isle
$231.63,Burning
$397.66,Bossypants
$304.88,"Bitch Planet, Vol. 1: Extraordinary Machine (Bitch Planet (Collected Editions))"
$225.84,"Avatar: The Last Airbender: Smoke and Shadow, Part 3 (Smoke and Shadow #3)"
$247.71,Algorithms to Live By: The Computer Science of Human Decisions
$345.32,A World of Flavor: Your Gluten Free Passport
$456.35,"A Piece of Sky, a Grain of Rice: A Memoir in Four Meditations"
$133.79,A Murder in Time
$446.46,A Flight of Arrows (The Pathfinders #2)
$226.17,A Fierce and Subtle Poison
$421.05,A Court of Thorns and Roses (A Court of Thorns and Roses #1)
$434.16,(Un)Qualified: How God Uses Broken People to Do Big Things
$175.83,You Are What You Love: The Spiritual Power of Habit
$348.13,"William Shakespeare's Star Wars: Verily, A New Hope (William Shakespeare's Star Wars #4)"
$169.16,Tuesday Nights in 1980
$334.46,Tracing Numbers on a Train
$281.96,Throne of Glass (Throne of Glass #1)
$479.51,Thomas Jefferson and the Tripoli Pirates: The Forgotten War That Changed American History
$423.87,Thirteen Reasons Why
$466.96,The White Cat and the Monk: A Retelling of the Poem “Pangur Bán”
$193.92,The Wedding Dress
$338.89,The Vacationers
$101.38,The Third Wave: An Entrepreneur’s Vision of the Future
$140.22,The Stranger
$266.45,The Shadow Hero (The Shadow Hero)
$220.05,The Secret (The Secret #1)
$412.93,The Regional Office Is Under Attack!
$289.44,The Psychopath Test: A Journey Through the Madness Industry
$85.63,The Project
$350.06,The Power of Now: A Guide to Spiritual Enlightenment
$307.21,The Omnivore's Dilemma: A Natural History of Four Meals
$300.21,The Nerdy Nummies Cookbook: Sweet Treats for the Geek in All of Us
$354.56,The Murder of Roger Ackroyd (Hercule Poirot #4)
$348.05,The Mistake (Off-Campus #2)
$449.03,The Matchmaker's Playbook (Wingmen Inc. #1)
$302.30,The Love and Lemons Cookbook: An Apple-to-Zucchini Celebration of Impromptu Cooking
$88.20,The Long Shadow of Small Ghosts: Murder and Memory in an American City
$336.23,The Kite Runner
$297.08,The House by the Lake
$356.01,The Glittering Court (The Glittering Court #1)
$442.36,The Girl on the Train
$138.61,The Genius of Birds
$186.13,The Emerald Mystery
$331.65,The Cookies & Cups Cookbook: 125+ sweet & savory recipes reminding you to Always Eat Dessert First
$257.28,The Bridge to Consciousness: I'm Writing the Bridge Between Science and Our Old and New Beliefs.
$309.46,The Artist's Way: A Spiritual Path to Higher Creativity
$268.05,The Art of War
$87.88,The Argonauts
$221.50,The 10% Entrepreneur: Live Your Startup Dream Without Quitting Your Day Job
$450.16,Suddenly in Love (Lake Haven #1)
$130.57,Something More Than This
$210.00,Soft Apocalypse
$98.33,So You've Been Publicly Shamed
$192.88,Shoe Dog: A Memoir by the Creator of NIKE
$233.64,"Shobu Samurai, Project Aryoku (#3)"
$162.97,Secrets and Lace (Fatal Hearts #1)
$350.14,Scarlett Epstein Hates It Here
$297.00,Romero and Juliet: A Tragic Tale of Love and Zombies
$164.58,Redeeming Love
$330.12,Poses for Artists Volume 1 - Dynamic and Sitting Poses: An Essential Reference for Figure Drawing and the Human Form
$114.09,Poems That Make Grown Women Cry
$307.77,"Nightingale, Sing"
$330.04,Night Sky with Exit Wounds
$243.21,Mrs. Houdini
$227.21,Modern Romance
$86.51,Miss Peregrine’s Home for Peculiar Children (Miss Peregrine’s Peculiar Children #1)
$135.47,Louisa: The Extraordinary Life of Mrs. Adams
$108.30,Little Red
$390.42,Library of Souls (Miss Peregrine’s Peculiar Children #3)
$153.97,Large Print Heart of the Pride
$461.17,I Had a Nice Time And Other Lies...: How to find love & sh*t like that
$345.56,Hollow City (Miss Peregrine’s Peculiar Children #2)
$178.17,Grumbles
$397.42,Full Moon over Noah’s Ark: An Odyssey to Mount Ararat and Beyond
$241.12,Frostbite (Vampire Academy #2)
$171.73,Follow You Home
$233.16,First Steps for New Christians (Print Edition)
$430.38,Finders Keepers (Bill Hodges Trilogy #2)
$334.62,"Fables, Vol. 1: Legends in Exile (Fables #1)"
$438.90,Eureka Trivia 6.0
$281.00,Drive: The Surprising Truth About What Motivates Us
$303.27,Done Rubbed Out (Reightman & Bailey #1)
$286.30,Doing It Over (Most Likely To #1)
$338.97,"Deliciously Ella Every Day: Quick and Easy Recipes for Gluten-Free Snacks, Packed Lunches, and Simple Meals"
$154.29,Dark Notes
$156.22,"Daring Greatly: How the Courage to Be Vulnerable Transforms the Way We Live, Love, Parent, and Lead"
$397.66,Close to You
$303.91,Chasing Heaven: What Dying Taught Me About Living
$247.63,Big Magic: Creative Living Beyond Fear
$220.54,Becoming Wise: An Inquiry into the Mystery and Art of Living
$89.32,Beauty Restored (Riley Family Legacy Novellas #3)
$293.46,Batman: The Long Halloween (Batman)
$123.66,Batman: The Dark Knight Returns (Batman)
$124.46,Ayumi's Violin
$376.43,Anonymous
$148.42,Amy Meets the Saints and Sages
$294.10,Amid the Chaos
$406.34,Amatus
$100.58,Agnostic: A Spirited Manifesto
$198.59,Zealot: The Life and Times of Jesus of Nazareth
$350.62,You (You #1)
$300.21,"Wonder Woman: Earth One, Volume One (Wonder Woman: Earth One #1)"
$115.45,Wild Swans
$423.31,Why the Right Went Wrong: Conservatism--From Goldwater to the Tea Party and Beyond
$307.13,Whole Lotta Creativity Going On: 60 Fun and Unusual Exercises to Awaken and Strengthen Your Creativity
$157.58,What's It Like in Space?: Stories from Astronauts Who've Been There
$433.36,"We Are Robin, Vol. 1: The Vigilante Business (We Are Robin #1)"
$104.20,Walt Disney's Alice in Wonderland
$298.28,V for Vendetta (V for Vendetta Complete)
$372.33,Until Friday Night (The Field Party #1)
$369.44,"Unbroken: A World War II Story of Survival, Resilience, and Redemption"
$177.52,Twenty Yawns
$204.06,Through the Woods
$218.04,This Is Where It Ends
$346.04,The Year of Magical Thinking
$456.67,The Wright Brothers
$208.32,The White Queen (The Cousins' War #1)
$262.18,The Wedding Pact (The O'Malleys #2)
$224.16,The Time Keeper
$423.47,The Testament of Mary
$370.00,The Star-Touched Queen
$357.62,The Songs of the Gods
$300.70,The Song of Achilles
$434.48,The Rosie Project (Don Tillman #1)
$135.72,The Power of Habit: Why We Do What We Do in Life and Business
$225.76,The Marriage of Opposites
$83.62,The Lucifer Effect: Understanding How Good People Turn Evil
$354.32,The Long Haul (Diary of a Wimpy Kid #9)
$188.14,The Loney
$140.14,The Literature Book (Big Ideas Simply Explained)
$435.85,The Last Mile (Amos Decker #2)
$326.99,The Immortal Life of Henrietta Lacks
$420.17,The Hidden Oracle (The Trials of Apollo #1)
$231.31,The Help Yourself Cookbook for Kids: 60 Easy Plant-Based Recipes Kids Can Make to Stay Healthy and Save the Earth
$111.11,The Guilty (Will Robie #4)
$207.83,The First Hostage (J.B. Collins #2)
$392.19,The Dovekeepers
$284.21,The Darkest Lie
$359.63,The Bane Chronicles (The Bane Chronicles #1-11)
$126.79,The Bad-Ass Librarians of Timbuktu: And Their Race to Save the World’s Most Precious Manuscripts
$315.49,The 14th Colony (Cotton Malone #11)
$111.92,That Darkness (Gardiner and Renner #1)
$85.95,Tastes Like Fear (DI Marnie Rome #3)
$363.49,Take Me with You
$366.46,Swell: A Year of Waves
$95.60,Superman Vol. 1: Before Truth (Superman by Gene Luen Yang #1)
$212.34,Still Life with Bread Crumbs
$317.58,Steve Jobs
$359.71,Sorting the Beef from the Bull: The Science of Food Fraud Forensics
$424.43,Someone Like You (The Harrisons #2)
$284.86,"So Cute It Hurts!!, Vol. 6 (So Cute It Hurts!! #6)"
$448.95,Shtum
$392.91,See America: A Celebration of Our National Parks & Treasured Sites
$376.11,salt.
$384.47,Robin War
$204.86,"Red Hood/Arsenal, Vol. 1: Open for Business (Red Hood/Arsenal #1)"
$189.50,Rain Fish
$409.16,"Quarter Life Poetry: Poems for the Young, Broke and Hangry"
$84.90,Pet Sematary
$419.29,"Overload: How to Unplug, Unwind, and Unleash Yourself from the Pressure of Stress"
$146.97,Once Was a Time
$95.11,Old School (Diary of a Wimpy Kid #10)
$176.48,No Dream Is Too High: Life Lessons From a Man Who Walked on the Moon
$308.66,"Naruto (3-in-1 Edition), Vol. 14: Includes Vols. 40, 41 & 42 (Naruto: Omnibus #14)"
